{"para_smiles": "c1ccc(S)cc1",
 "para_file": "pps.mol2",
 "para_bond_indices": [44, 45],
 "bond_orientation": [[0,0,1], [0,0,-1]],
 "bond_distance": 0.176,
 "monomer_mass": 110.174,
 "para_charges":{
"antefoyer": {"0": -0.12097826086956522, "1": -0.1259782608695652, "2": -0.10897826086956522, "3": -0.03807826086956522, "4": -0.09177826086956523, "5": -0.10897826086956522, "6": -0.1259782608695652, "7": 0.1355217391304348, "8": 0.14252173913043478, "9": 0.14252173913043478, "10": 0.1355217391304348, "11": -0.02407826086956522, "12": -0.11547826086956522, "13": -0.10347826086956521, "14": -0.03907826086956522, "15": -0.08777826086956522, "16": -0.10347826086956521, "17": -0.11547826086956522, "18": 0.14502173913043478, "19": 0.14502173913043478, "20": 0.14502173913043478, "21": 0.14502173913043478, "22": -0.03407826086956522, "23": -0.10797826086956522, "24": -0.11197826086956522, "25": -0.030078260869565217, "26": -0.08777826086956522, "27": -0.11197826086956522, "28": -0.10797826086956522, "29": 0.14502173913043478, "30": 0.14452173913043478, "31": 0.14452173913043478, "32": 0.14502173913043478, "33": -0.04707826086956522, "34": -0.09297826086956522, "35": -0.1284782608695652, "36": 0.01892173913043478, "37": -0.2406782608695652, "38": -0.1284782608695652, "39": -0.09297826086956522, "40": 0.14552173913043479, "41": 0.1405217391304348, "42": 0.1405217391304348, "43": 0.14552173913043479, "44": 0.1340217391304348, "45": 0.1918217391304348},
"iff": {"0": -0.1268, "1": -0.1268, "2": -0.1268, "3": -0.012, "4": 0.024, "5": -0.1268, "6": -0.1268, "7": 0.1268, "8": 0.1268, "9": 0.1268, "10": 0.1268, "11": -0.012, "12": -0.1268, "13": -0.1268, "14": -0.012, "15": 0.024, "16": -0.1268, "17": -0.1268, "18": 0.1268, "19": 0.1268, "20": 0.1268, "21": 0.1268, "22": -0.012, "23": -0.1268, "24": -0.1268, "25": -0.012, "26": 0.024, "27": -0.1268, "28": -0.1268, "29": 0.1268, "30": 0.1268, "31": 0.1268, "32": 0.1268, "33": -0.012, "34": -0.1268, "35": -0.1268, "36": -0.0120, "37": -0.1272, "38": -0.1268, "39": -0.1268, "40": 0.1268, "41": 0.1268, "42": 0.1268, "43": 0.1268, "44": 0.1268, "45": 0.1392}
 }
}
